id,title,description,price
1,Wine - Sauvignon Blanc,sagittis sapien cum sociis natoque penatibus et magnis dis parturient montes nascetur ridiculus mus etiam,15.18
2,External Supplier,pede malesuada in imperdiet et commodo vulputate justo in blandit ultrices enim lorem,9.14
3,Duck - Breast,nullam sit amet turpis elementum ligula vehicula consequat morbi a ipsum integer a nibh in,16.76
4,Mustard Prepared,sed nisl nunc rhoncus dui vel sem sed sagittis nam,11.01
5,Pork - Shoulder,sapien dignissim vestibulum vestibulum ante ipsum primis in faucibus orci luctus et ultrices posuere cubilia curae nulla dapibus dolor vel,13.11
6,Amarula Cream,cras in purus eu magna vulputate luctus cum sociis natoque penatibus et magnis dis parturient montes nascetur ridiculus mus,11.09
7,"Pork - Loin, Boneless",a odio in hac habitasse platea dictumst maecenas ut massa quis augue luctus tincidunt nulla mollis molestie,15.03
8,Bread - Bistro Sour,in felis donec semper sapien a libero nam dui proin leo odio porttitor id consequat,13.64
9,Flower - Daisies,nulla pede ullamcorper augue a suscipit nulla elit ac nulla sed,15.86
10,Carbonated Water - Blackcherry,quis turpis eget elit sodales scelerisque mauris sit amet eros suspendisse accumsan tortor quis turpis,14.61
11,Wine - Chateau Timberlay,libero convallis eget eleifend luctus ultricies eu nibh quisque id justo sit amet sapien,16.29
12,Shopper Bag - S - 4,mauris morbi non lectus aliquam sit amet diam in magna bibendum imperdiet nullam,9.42
13,Cookie - Dough Variety,vulputate vitae nisl aenean lectus pellentesque eget nunc donec quis orci eget orci vehicula condimentum curabitur in,10.76
14,Ecolab - Power Fusion,maecenas rhoncus aliquam lacus morbi quis tortor id nulla ultrices aliquet maecenas,11.19
15,Gatorade - Cool Blue Raspberry,erat eros viverra eget congue eget semper rutrum nulla nunc purus phasellus in felis donec semper sapien,13.48
16,Sambuca Cream,praesent blandit lacinia erat vestibulum sed magna at nunc commodo,11.13
17,Cod - Fillets,in hac habitasse platea dictumst etiam faucibus cursus urna ut tellus nulla ut erat,12.05
18,"Sauce - Apple, Unsweetened",ligula in lacus curabitur at ipsum ac tellus semper interdum mauris ullamcorper purus sit amet nulla quisque arcu libero,14.58
19,"Asparagus - White, Canned",elementum eu interdum eu tincidunt in leo maecenas pulvinar lobortis est phasellus sit amet erat nulla tempus vivamus in felis,12.51
20,"Garlic - Primerba, Paste",vel nulla eget eros elementum pellentesque quisque porta volutpat erat quisque erat,11.95
21,"Yogurt - Cherry, 175 Gr",massa id lobortis convallis tortor risus dapibus augue vel accumsan tellus nisi,14.48
22,Lobster - Tail 6 Oz,massa id nisl venenatis lacinia aenean sit amet justo morbi ut odio cras,15.36
23,Rosemary - Fresh,molestie lorem quisque ut erat curabitur gravida nisi at nibh in,13.58
24,Bar Special K,nunc commodo placerat praesent blandit nam nulla integer pede justo lacinia eget tincidunt eget tempus vel pede morbi porttitor,15.48
25,Lobster - Live,vestibulum ante ipsum primis in faucibus orci luctus et ultrices posuere cubilia,16.38
26,Bread Base - Italian,sit amet nulla quisque arcu libero rutrum ac lobortis vel dapibus at diam,13.03
27,Ginger - Fresh,nibh quisque id justo sit amet sapien dignissim vestibulum vestibulum ante ipsum primis in faucibus orci luctus,10.71
28,Cookies Cereal Nut,et ultrices posuere cubilia curae donec pharetra magna vestibulum aliquet ultrices erat tortor sollicitudin,15.09
29,Ecolab - Hobart Upr Prewash Arm,eleifend luctus ultricies eu nibh quisque id justo sit amet sapien dignissim,12.0
30,"Bread - Bagels, Plain",nibh ligula nec sem duis aliquam convallis nunc proin at turpis a pede posuere nonummy integer non velit donec diam,11.66
31,Wine - Crozes Hermitage E.,nec euismod scelerisque quam turpis adipiscing lorem vitae mattis nibh ligula nec sem duis aliquam convallis nunc,9.79
32,Squid Ink,duis aliquam convallis nunc proin at turpis a pede posuere nonummy integer non velit donec diam neque vestibulum,15.32
33,"Pork - Tenderloin, Fresh",hac habitasse platea dictumst etiam faucibus cursus urna ut tellus nulla ut erat id mauris vulputate elementum nullam varius nulla,16.3
34,Scallops - Live In Shell,ultrices erat tortor sollicitudin mi sit amet lobortis sapien sapien non mi integer ac neque duis bibendum morbi non,12.07
35,Sauce - Mint,ipsum primis in faucibus orci luctus et ultrices posuere cubilia curae duis faucibus accumsan odio,14.36
36,Potatoes - Fingerling 4 Oz,non mattis pulvinar nulla pede ullamcorper augue a suscipit nulla elit ac nulla sed,9.4
37,Pastry - Apple Muffins - Mini,lacus curabitur at ipsum ac tellus semper interdum mauris ullamcorper purus sit amet nulla quisque arcu libero rutrum ac,16.87
38,Wine - Prem Select Charddonany,ac consequat metus sapien ut nunc vestibulum ante ipsum primis,16.02
39,Chickensplit Half,volutpat in congue etiam justo etiam pretium iaculis justo in hac habitasse platea dictumst etiam faucibus cursus,11.51
40,Tuna - Loin,vestibulum rutrum rutrum neque aenean auctor gravida sem praesent id massa,9.83
41,"Tray - Foam, Square 4 - S",cras non velit nec nisi vulputate nonummy maecenas tincidunt lacus,11.17
42,Wine - Ice Wine,lacinia sapien quis libero nullam sit amet turpis elementum ligula vehicula consequat morbi a ipsum integer a nibh,11.08
43,Pepper - Orange,curae duis faucibus accumsan odio curabitur convallis duis consequat dui nec nisi volutpat eleifend donec ut dolor,14.28
44,Bagel - Ched Chs Presliced,nam dui proin leo odio porttitor id consequat in consequat ut nulla sed accumsan felis ut at,16.75
45,Honey - Liquid,massa tempor convallis nulla neque libero convallis eget eleifend luctus ultricies eu nibh quisque id justo sit,9.51
46,"Soup - Campbells, Classic Chix",sapien urna pretium nisl ut volutpat sapien arcu sed augue aliquam,12.05
47,Cake - Sheet Strawberry,sollicitudin ut suscipit a feugiat et eros vestibulum ac est lacinia nisi venenatis,14.97
48,Silicone Paper 16.5x24,donec dapibus duis at velit eu est congue elementum in hac habitasse platea dictumst morbi,12.25
49,"Wine - White, Ej",pellentesque quisque porta volutpat erat quisque erat eros viverra eget congue eget semper rutrum nulla nunc purus phasellus in,12.63
